,Plant_Name,Predicted_Forecast
0,E1,49.21106740568569
1,E2,33.819059538709105
2,E3,9.213525835866264
3,E4,95.6038798498123
4,E5,106.6601108528518
5,E6,258.52069551224747
6,E7,72.40747362774897
7,E8,125.08716252458433
8,E9,80.2118719828357
9,E10,169.96245306633293
10,E11,181.9942338637583
11,E12,281.28352404791707
12,E13,86.49874843554444
13,E14,22.654434114071165
14,E15,388.485607008761
15,E16,75.65930627570178
16,E17,25.364294654031827
17,E18,6.070087609511891
18,E19,150.0
19,E20,143.9477918827106
20,E21,50.0
21,E22,10.514258895047382
22,E23,62.43518684069374
23,E24,139.39522617557662
24,N1,73.26030330200346
25,N2,64.73863003957457
26,N3,81.73849863962404
27,N4,12.086863096710363
28,N5,24.738939215928767
29,N6,44.17357160524363
30,N7,99.12966856294831
31,N8,3.2608443606232993
32,N9,76.08636841454366
33,N10,96.2601255255998
34,N11,16.434655577541427
35,N12,12.782509893643333
36,N13,71.56466423447934
37,N14,89.3036575562701
38,N15,34.086693049715564
39,N16,27.956305651743754
40,N17,22.347653351471678
41,N18,38.52144138016324
42,N19,19.34767653969824
43,N20,55.91261130348751
44,N21,58.86911019045263
45,N22,96.78186062329954
46,N23,131.08594329705662
47,N24,2.565197563690329
48,N25,12.347730645560228
49,N26,140.86847637892652
50,W1,250.021
51,W2,100.008
52,W3,150.013
53,W4,150.013
54,W5,200.0
55,W6,100.0
56,W7,32.686
57,W8,26.952
58,W9,100.351
59,W10,100.008
60,W11,127.016
61,W12,200.017
62,W13,50.004
63,W14,150.0
64,W15,137.911
65,S1,119.91816193130032
66,S2,137.50179041120865
67,S3,226.73051381546398
68,S4,74.04782676632206
69,S5,20.53243574051408
70,S6,350.0
71,S7,76.23212844084483
72,S8,26.866910596630127
73,S9,6.771335191020602
74,S10,181.51546915284254
75,S11,174.08884345946512
76,S12,66.51198598921849
77,S13,13.761100549493479
78,S14,84.96933513893592
79,S15,196.58715070704972
80,S16,250.0
81,S17,243.98649704419392
82,S18,318.25275397796827
83,S19,48.600712258131736
84,S20,100.0
85,S21,188.61444959504158
86,S22,400.0
87,S23,14.744036303028729
88,S24,353.6384411052372
89,S25,459.46785723586555
90,S26,80.49151670616425
91,S27,64.21846923096957
92,S28,350.0
93,S29,450.0
94,S30,184.13663116226985
95,S31,158.7987317378057
96,S32,132.15025130862784
97,S33,198.33459204666792
98,S34,27.74063126643923
99,S35,314.5394411312795
